Implementation,CPU_Count,Matrix_Size,Iterations,Matmul_t_min(s),Matmul_t_max(s),Matmul_t_avg(s),Matmul_stddev(%),Allreduce_t_min(s),Allreduce_t_max(s),Allreduce_t_avg(s),Allreduce_stddev(%),Total_t_min(s),Total_t_max(s),Total_t_avg(s),Total_stddev(%),GPU_Count,Accelerator,CCL,Launcher,Backend
oneCCL,2,64,10,2.0289e-05,2.1864e-05,2.09299e-05,2.58787,2.3291e-05,3.0297e-05,2.61064e-05,8.32182,4.358e-05,5.2161e-05,4.70363e-05,8.71491,0,CPU,true,mpirun,ccl
oneCCL,2,128,10,9.6228e-05,0.000100308,9.84542e-05,0.942164,4.9469e-05,5.8988e-05,5.39601e-05,5.77746,0.000145697,0.000159296,0.000152414,5.85378,0,CPU,true,mpirun,ccl
oneCCL,2,256,10,0.000826947,0.000838306,0.000830532,0.390557,0.00016611,0.00018651,0.000176385,4.06832,0.000993057,0.00102482,0.00100692,4.08702,0,CPU,true,mpirun,ccl
oneCCL,2,512,10,0.0064749,0.00789787,0.00687498,7.96255,0.000706709,0.000759105,0.000737224,1.86348,0.0071816,0.00865698,0.0076122,8.1777,0,CPU,true,mpirun,ccl
oneCCL,2,1024,10,0.0583963,0.071674,0.0606596,6.38358,0.00339329,0.00891679,0.00752,24.2262,0.0617896,0.0805907,0.0681796,25.0531,0,CPU,true,mpirun,ccl
oneCCL,2,2048,10,0.545634,0.562959,0.550368,0.911947,0.0141844,0.0238068,0.0197115,16.8053,0.559818,0.586766,0.57008,16.83,0,CPU,true,mpirun,ccl
oneCCL,2,4096,10,4.60239,4.64929,4.62845,0.320059,0.0647291,0.0677426,0.0662203,1.22967,4.66712,4.71703,4.69467,1.27064,0,CPU,true,mpirun,ccl
